[{"img":"http://7xtp9h.com2.z0.glb.clouddn.com/42.jpg","url":"http://mp.weixin.qq.com/s?__biz=MzI1OTE1MzU4NA==&mid=506401945&idx=1&sn=7dd4585916544d95b7d2dcece9abde11#rd","title":"互联网金融大整治(二)：刑事法律风险大盘点，丧钟为谁而鸣？","id":"B306C787-018F-4456-9AE3-5A476E48E1F0","time":"2016-06-05T10:49:32.954Z"},{"img":"http://7xtp9h.com2.z0.glb.clouddn.com/35.png","url":"http://mp.weixin.qq.com/s?__biz=MzA5NTI1MDEyNA==&mid=2652532008&idx=1&sn=f73f14774e297637458808e1bb3bc7bf&scene=23&srcid=0529AeMb5gbMJ1GOV13aGxed#rd","title":"滴滴融资文件：2018年赴美上市，估值预计870亿美元","id":"CCCF7ADA-F4C0-4682-8A4A-21D1994F688E","time":"2016-05-29T16:20:18.016Z"},{"img":"http://7xtp9h.com2.z0.glb.clouddn.com/34.jpg","url":"http://mp.weixin.qq.com/s?__biz=MzI1OTE1MzU4NA==&mid=506401928&idx=1&sn=bbd0de10e4dafbcdc0c54101d0d03f4e#rd","title":"是谁在蚕食“阿里”电商的大蛋糕？！","id":"9792D44F-4D83-4857-AB23-28CBAB312338","time":"2016-05-29T15:31:40.870Z"},{"img":"http://7xtp9h.com2.z0.glb.clouddn.com/33.png","url":"http://mp.weixin.qq.com/s?__biz=MzI1OTE1MzU4NA==&mid=506401926&idx=1&sn=0fda1ace08424cdeab7866a2d2a0ef5a#rd","title":"28张图看清互联网思维","id":"B329B601-0344-4753-B184-D6F6AF9C0216","time":"2016-05-29T14:48:31.973Z"},{"img":"http://7xtp9h.com2.z0.glb.clouddn.com/32.jpg","url":"http://mp.weixin.qq.com/s?__biz=MzI1OTE1MzU4NA==&mid=506401925&idx=1&sn=6f8137d588b5654c878089eaa6b5f421#rd","title":"抛开那场10亿美元的战投，我们来聊聊智慧出行的未来","id":"BA4F2626-585F-4647-BE0C-0D2F2F20B7B1","time":"2016-05-28T13:01:36.377Z"},{"img":"http://7xtp9h.com2.z0.glb.clouddn.com/31.jpg","url":"http://mp.weixin.qq.com/s?__biz=MzI1OTE1MzU4NA==&mid=506401923&idx=1&sn=e8b749910f4caf1de1c24ded4d482284#rd","title":"微软：赢了PC却输了移动，何去何从？！","id":"0C0D3F0B-8029-45CE-BE40-FB61DA1443EE","time":"2016-05-28T12:58:15.065Z"},{"img":"http://7xtp9h.com2.z0.glb.clouddn.com/30.jpg","url":"http://mp.weixin.qq.com/s?__biz=MzI1OTE1MzU4NA==&mid=506401921&idx=1&sn=cf4a866c42188c5384b2fab3c1ecd295#rd","title":"在游戏运营中，你需要掌握哪些数据？","id":"71987EB8-9837-45FA-B939-8EABFA26F6B5","time":"2016-05-28T12:53:36.153Z"},{"img":"http://7xtp9h.com2.z0.glb.clouddn.com/29.png","url":"http://mp.weixin.qq.com/s?__biz=MzI1OTE1MzU4NA==&mid=506401918&idx=1&sn=da48eb585d11efddd3d9249cdfc223fd#rd","title":"中国移动CEO李跃：短信将在5G时代被淘汰","id":"E0047DAF-0606-4E71-99E7-39ADB029498A","time":"2016-05-28T12:49:52.075Z"},{"img":"http://7xtp9h.com2.z0.glb.clouddn.com/28.jpg","url":"http://mp.weixin.qq.com/s?__biz=MzI1OTE1MzU4NA==&mid=506401916&idx=1&sn=013855b695976fed6813b43b9e0029f1#rd","title":"90后发明达人做代步神器，18项技术专利，成立1年估值近2亿元！徐小平投资，王峰看好！","id":"A7952C19-D2A8-4029-BCA6-7B94F8A193D1","time":"2016-05-28T12:44:07.182Z"},{"img":"http://7xtp9h.com2.z0.glb.clouddn.com/15.png","url":"http://mp.weixin.qq.com/s?__biz=MzI1OTE1MzU4NA==&mid=506401890&idx=1&sn=5be44f43b2f6337390e68870616f26ea#rd","title":"在一盏茶香里闭关","id":"AB5E00DE-E992-4056-BA8E-3EB59A041AF3","time":"2016-05-28T10:25:10.521Z"},{"img":"http://7xtp9h.com2.z0.glb.clouddn.com/14.png","url":"http://mp.weixin.qq.com/s?__biz=MzI1OTE1MzU4NA==&mid=506401888&idx=1&sn=62aa2b27281222d57bdce08c1bcc2954#rd","title":"美丽说CEO徐易容内部邮件","id":"3F68805D-71EA-42F8-8955-E43A7A74B841","time":"2016-05-28T10:19:07.442Z"},{"img":"http://7xtp9h.com2.z0.glb.clouddn.com/13.png","url":"http://mp.weixin.qq.com/s?__biz=MzI1OTE1MzU4NA==&mid=506401885&idx=1&sn=0a9f778fd76b9aa01ef80e1f10e0a151#rd","title":"2016年互联网并购首单落定 蘑菇街牵手美","id":"9717A85F-09CB-45A7-8E00-E8F254402EE2","time":"2016-05-28T10:16:05.834Z"},{"img":"http://7xtp9h.com2.z0.glb.clouddn.com/12.png","url":"http://mp.weixin.qq.com/s?__biz=MzI1OTE1MzU4NA==&mid=506401883&idx=1&sn=1a919e814d39b55d2343ae19b9d68c2f#rd","title":"什么是真正的互联网思维？","id":"B760F335-DA4A-46A2-AA92-738D8D48CC8D","time":"2016-05-28T10:10:12.765Z"},{"img":"http://7xtp9h.com2.z0.glb.clouddn.com/9.png","url":"http://mp.weixin.qq.com/s?__biz=MzI1OTE1MzU4NA==&mid=506401875&idx=1&sn=2bc81027df044ee00461470af2f06a10#rd","title":"你是怎么找到创业的方向的？","id":"0250279F-80D9-4AC1-9A27-A3578E179270","time":"2016-05-09T13:07:53.468Z"}]